taxonomy,conversion,weight
CR+CIP/LFINF+DUL/HBET:2-3/COM,CR/LFINF+CDL+DUL/H2/COM,1
CR+CIP/LFINF+DUL/HBET:2-3/IND,CR/LFINF+CDL+DUL/H2/IND,1
CR+CIP/LFINF+DUL/HBET:2-3/RES,CR/LFINF+CDL+DUL/H2/RES,1
CR+CIP/LFINF+DUM/H:1/COM,CR/LFINF+CDL+DUM/H1/COM,1
CR+CIP/LFINF+DUM/H:1/IND,CR/LFINF+CDL+DUM/H1/IND,1
CR+CIP/LFM+DUL/H:1/COM,CR/LFM+CDL+DUL/H1/COM,1
CR+CIP/LFM+DUL/H:1/IND,CR/LFM+CDL+DUL/H1/IND,1
CR+CIP/LFM+DUL/H:1/RES,CR/LFM+CDL+DUL/H1/RES,1
CR+CIP/LFM+DUL/H:2/RES,CR/LFM+CDL+DUL/H2/RES,1
CR+CIP/LFM+DUL/HBET:2-4/COM,CR/LFM+CDL+DUL/H2/COM,1
CR+CIP/LFM+DUL/HBET:2-4/RES,CR/LFM+CDL+DUL/H2/RES,1
CR+CIP/LFM+DUL/HBET:3-/COM,CR/LFM+CDL+DUL/H3/COM,1
CR+CIP/LFM+DUL/HBET:3-/RES,CR/LFM+CDL+DUL/H3/RES,1
CR+CIP/LFM+DUM/HBET:1-2/RES,CR/LFM+CDL+DUM/H1/RES,1
CR+CIP/LFM+DUM/HBET:3-5/RES,CR/LFM+CDL+DUM/H3/RES,1
CR+CIP/LFM+DUM/HBET:6-/RES,CR/LFM+CDL+DUM/H6/RES,1
CR+CIP/LWAL+DUL/H:1/COM,CR/LWAL+CDL+DUL/H1/COM,1
CR+CIP/LWAL+DUL/H:1/RES,CR/LWAL+CDL+DUL/H1/RES,1
CR+CIP/LWAL+DUL/H:2/COM,CR/LWAL+CDL+DUL/H2/COM,1
CR+CIP/LWAL+DUL/H:2/RES,CR/LWAL+CDL+DUL/H2/RES,1
CR+CIP/LWAL+DUM/HBET:1-2/RES,CR/LWAL+CDL+DUM/H1/RES,1
CR+CIP/LWAL+DUM/HBET:3-5/RES,CR/LWAL+CDL+DUM/H4/RES,1
CR+PC/LWAL+DUL/HBET:1-2/IND,CR/LWAL+CDL+DUL/H1/IND,1
INF/LN/H:1/RES,INF/H1/RES,1
MCF/LWAL+DUL/H:1/COM,MCF/LWAL+DUL/H1/COM,1
MCF/LWAL+DUL/H:1/IND,MCF/LWAL+DUL/H1/IND,1
MCF/LWAL+DUL/H:1/RES,MCF/LWAL+DUL/H1/RES,1
ME+MEIR/LN+DNO/RMT6/H:1/COM,S/LFM+CDL+DUL/H1/COM,1
ME+MEIR/LN+DNO/RMT6/H:1/IND,S/LFM+CDL+DUL/H1/IND,1
ME+MEIR/LN+DNO/RMT6/H:1/RES,S/LFM+CDL+DUL/H1/RES,1
ME+MEIR/LPB+DUL/RMT8/H:1/COM,S/LFM+CDL+DUL/H1/COM,1
ME+MEIR/LPB+DUL/RMT8/H:1/IND,S/LFM+CDL+DUL/H1/IND,1
ME+MEIR/LPB+DUL/RMT8/H:1/RES,S/LFM+CDL+DUL/H1/RES,1
ME+MEO/LN+DUL/H:1/COM,S/LFM+CDL+DUL/H1/COM,1
ME+MEO/LN+DUL/H:1/RES,S/LFM+CDL+DUL/H1/RES,1
MUR+ADO/LWAL+DNO/H:1/RES,MUR+ADO/LWAL+DNO/RWO/H1/RES,1
MUR+CB/LWAL+DNO/RMT6+RWO1/H:1/COM,MUR+CBH/LWAL+DNO/H1/COM,1
MUR+CB/LWAL+DNO/RMT6+RWO1/H:1/IND,MUR+CBH/LWAL+DNO/H1/IND,1
MUR+CB/LWAL+DNO/RMT6+RWO1/H:1/RES,MUR+CBH/LWAL+DNO/H1/RES,1
S+SL/LFBR+DUL/HBET:1-2/IND,S/LFBR+CDL+DUL/H1/IND,1
S+SL/LPB+DUL/EWME/RME1/H:1/COM,S/LFM+CDL+DUL/H1/COM,1
S+SL/LPB+DUL/EWME/RME1/H:1/IND,S/LFM+CDL+DUL/H1/IND,1
S+SL/LPB+DUL/EWME/RME1/H:1/RES,S/LFM+CDL+DUL/H1/RES,1
S+SL/LPB+DUL/EWME/RME1/HBET:2-3/COM,S/LFM+CDL+DUL/H2/COM,1
S+SL/LPB+DUL/EWME/RME1/HBET:2-3/IND,S/LFM+CDL+DUL/H2/IND,1
S+SL/LPB+DUL/EWME/RME1/HBET:2-3/RES,S/LFM+CDL+DUL/H2/RES,1
S+SL/LPB+DUL/EWO+WOL/H:1/COM,S/LFM+CDL+DUL/H1/COM,1
S+SL/LPB+DUL/EWO+WOL/H:1/IND,S/LFM+CDL+DUL/H1/IND,1
S+SL/LPB+DUL/EWO+WOL/H:1/RES,S/LFM+CDL+DUL/H1/RES,1
S+SL/LPB+DUL/EWO+WOL/RWO5/H:1/RES,S/LFM+CDL+DUL/H1/RES,1
W/LPB+DUM/RMT2/HBET:1-2/RES,W/LFM+CDL+DUM/H1/RES,1
W/LPB+DUM/RMT6/HBET:1-2/RES,W/LFM+CDL+DUM/H1/RES,1
W+WBB/LFM+CDN/H1/RES,W+WBB/LFM+CDN/H1/RES,1
W+WBB/LPB+DUL/RMT8/H:1/RES,W+WBB/LFM+CDN/H1/RES,1
W+WLI/LFBR+DUL/EWW+WOL/HBET:2-3/COM,W/LFM+CDL+DUL/H2/COM,1
W+WLI/LFBR+DUL/EWW+WOL/HBET:2-3/IND,W/LFM+CDL+DUL/H2/IND,1
W+WLI/LFBR+DUL/EWW+WOL/HBET:2-3/RES,W/LFM+CDL+DUL/H2/RES,1
W+WLI/LFBR+DUL/H:1/COM,W/LFM+CDL+DUL/H1/COM,1
W+WLI/LFBR+DUL/H:1/IND,W/LFM+CDL+DUL/H1/IND,1
W+WLI/LFBR+DUL/H:1/RES,W/LFM+CDL+DUL/H1/RES,1
W+WLI/LFBR+DUL/HBET:2-3/COM,W/LFM+CDL+DUL/H2/COM,1
W+WLI/LFBR+DUL/HBET:2-3/IND,W/LFM+CDL+DUL/H2/IND,1
W+WLI/LFBR+DUL/HBET:2-3/RES,W/LFM+CDL+DUL/H2/RES,1
W+WLI/LPB+DNO/HBET:1-2/COM,W/LFM+CDL+DUL/H1/COM,1
W+WLI/LPB+DNO/HBET:1-2/IND,W/LFM+CDL+DUL/H1/IND,1
W+WLI/LPB+DNO/HBET:1-2/RES,W/LFM+CDL+DUL/H1/RES,1
W+WLI/LPB+DUL/EWO+WOL/RWO5/H:1/COM,W/LFM+CDL+DUL/H1/COM,1
W+WLI/LPB+DUL/EWO+WOL/RWO5/H:1/IND,W/LFM+CDL+DUL/H1/IND,1
W+WLI/LPB+DUL/EWO+WOL/RWO5/H:1/RES,W/LFM+CDL+DUL/H1/RES,1
W+WLI/LPB+DUL/EWV/RWO5/HBET:1-2/COM,W/LFM+CDL+DUL/H1/COM,1
W+WLI/LPB+DUL/EWV/RWO5/HBET:1-2/RES,W/LFM+CDL+DUL/H1/RES,1
W+WLI/LPB+DUL/H:1/COM,W/LFM+CDL+DUL/H1/COM,1
W+WLI/LPB+DUL/H:1/IND,W/LFM+CDL+DUL/H1/IND,1
W+WLI/LPB+DUL/H:1/RES,W/LFM+CDL+DUL/H1/RES,1
W+WLI/LPB+DUL/HBET:1-2/COM,W/LFM+CDL+DUL/H1/COM,1
W+WLI/LPB+DUL/HBET:1-2/IND,W/LFM+CDL+DUL/H1/IND,1
W+WLI/LPB+DUL/HBET:1-2/RES,W/LFM+CDL+DUL/H1/RES,1
W+WLI/LPB+DUL/HBET:2-3/COM,W/LFM+CDL+DUL/H2/COM,1
W+WLI/LPB+DUL/HBET:2-3/IND,W/LFM+CDL+DUL/H2/IND,1
W+WLI/LPB+DUL/HBET:2-3/RES,W/LFM+CDL+DUL/H2/RES,1
W+WLI/LPB+DUM/H:1/IND,W/LFM+CDL+DUM/H1/IND,1
W+WS/LPB+DUL/H:1/RES,W/LFM+CDL+DUL/H1/RES,1
W+WWD/LWAL+DNO/H:1/RES,W+WWD/LWAL+DNO/H1/RES,1
